"0","colnames(survey_results)"
"1"," [1]"
"1"," ""StartDate""            "
"1"," ""EndDate""              "
"1"," ""Status""               "
"1"," ""IPAddress""            "
"1","
"
"1"," [5]"
"1"," ""Progress""             "
"1"," ""Duration..in.seconds."""
"1"," ""Finished""             "
"1"," ""RecordedDate""         "
"1","
"
"1"," [9]"
"1"," ""ResponseId""           "
"1"," ""RecipientLastName""    "
"1"," ""RecipientFirstName""   "
"1"," ""RecipientEmail""       "
"1","
"
"1","[13]"
"1"," ""ExternalReference""    "
"1"," ""LocationLatitude""     "
"1"," ""LocationLongitude""    "
"1"," ""DistributionChannel""  "
"1","
"
"1","[17]"
"1"," ""UserLanguage""         "
"1"," ""Prolific.ID""          "
"1"," ""stimuli_ai_1""         "
"1"," ""stimuli_human_1""      "
"1","
"
"0","survey_results[, Prolific.ID]"
"1","  [1]"
"1"," ""Please enter your Prolific ID""             "
"1"," ""{\""ImportId\"":\""QID3_TEXT\""}""              "
"1","
"
"1","  [3]"
"1"," """"                                          "
"1"," ""5e9f12398bee3106d8a13131""                  "
"1","
"
"1","  [5]"
"1"," ""62d133496cf7f774b8bf98a0""                  "
"1"," ""5eceed79840590300f53fa51""                  "
"1","
"
"1","  [7]"
"1"," ""6314c1e76c3f71e2127f1976""                  "
"1"," ""60fe204fae558bfeb83d0bcf""                  "
"1","
"
"1","  [9]"
"1"," ""6278856ed61afb01f6e4d0ac""                  "
"1"," ""631699e51577c995252cf3fc""                  "
"1","
"
"1"," [11]"
"1"," ""636159bba71cce7040de4058""                  "
"1"," ""596bac33670f410001fe9c07""                  "
"1","
"
"1"," [13]"
"1"," ""603fa7d057d382087d66d1c2""                  "
"1"," ""62acafc833450e1feb7ba05b""                  "
"1","
"
"1"," [15]"
"1"," ""5cb2e89bc29be80001b13ed6""                  "
"1"," ""5eac65aec4ed450f4df4868f""                  "
"1","
"
"1"," [17]"
"1"," ""630345dd92f26599c777a5fc""                  "
"1"," ""5bcc1fce4249b20001bc99f1""                  "
"1","
"
"1"," [19]"
"1"," ""62a2adb16716c2e0c8d3c07a""                  "
"1"," ""5d140b5c1039690017945b7b""                  "
"1","
"
"1"," [21]"
"1"," ""628ff919d843cc2a752e489a""                  "
"1"," ""5f744fb50bfbbd0a01cd5435""                  "
"1","
"
"1"," [23]"
"1"," ""6111a1563a1ee66375aa174b""                  "
"1"," ""5e8fa37bf594d02a576c7a46""                  "
"1","
"
"1"," [25]"
"1"," ""5f33f5c671dbfc2622aecda4""                  "
"1"," ""5c961ee66357fb0001ef4b4a""                  "
"1","
"
"1"," [27]"
"1"," ""5f4b3a0ff271be7054ca348a""                  "
"1"," ""6317457367495fa60d79d84e""                  "
"1","
"
"1"," [29]"
"1"," ""62f3fd82d8bca81b9ba8842d""                  "
"1"," ""5e8cf14c0bec230b335e060d""                  "
"1","
"
"1"," [31]"
"1"," ""6294584c8601739c2c920cf6""                  "
"1"," ""6364352eb4261be4d1ab49f7""                  "
"1","
"
"1"," [33]"
"1"," ""636148d7c918791f6fc8d86c""                  "
"1"," ""5ddb1b1e929d5da850164610""                  "
"1","
"
"1"," [35]"
"1"," ""5ec3884fa0c1ef0009b57549""                  "
"1"," ""628fa8e2c2516fe9c6bfe0be""                  "
"1","
"
"1"," [37]"
"1"," ""5e826ebd7ef97e992a0b8f49""                  "
"1"," ""5e464df53f7dd9117a4446a8""                  "
"1","
"
"1"," [39]"
"1"," ""636147e6e9cf6c805919fd56""                  "
"1"," ""5c2fde1bbd41a60001056ec0""                  "
"1","
"
"1"," [41]"
"1"," ""60de9c66c01a9de405e9efb0""                  "
"1"," ""614fe10cc5f880c122bacc6d""                  "
"1","
"
"1"," [43]"
"1"," ""62f15a6bb44b71fa2124f45a""                  "
"1"," ""60aef480e194cd288065cf03""                  "
"1","
"
"1"," [45]"
"1"," ""611b38dea7f1754225fa39bf""                  "
"1"," ""62b813d3ed6e57307ab08dda""                  "
"1","
"
"1"," [47]"
"1"," ""62f975cbc3507ecf77180d00""                  "
"1"," ""60da75d30050514a61594bc7""                  "
"1","
"
"1"," [49]"
"1"," ""636155188c3d0cbe9b1c674c""                  "
"1"," ""62fb59166b94e6240417f7c7""                  "
"1","
"
"1"," [51]"
"1"," ""636148f9ee2018e501d67e5b""                  "
"1"," ""5f93a74574ea7c18489df9a5""                  "
"1","
"
"1"," [53]"
"1"," ""5efe6daf6a2551378201893e""                  "
"1"," ""62b9c226930a8720df173e61""                  "
"1","
"
"1"," [55]"
"1"," ""55b67c31fdf99b26b999cc1e""                  "
"1"," ""614dd661c1fb4b13a7e99d64""                  "
"1","
"
"1"," [57]"
"1"," ""5c55c45f53fba80001bcf323""                  "
"1"," ""5dc4c22f0389e438ac69eac9""                  "
"1","
"
"1"," [59]"
"1"," ""6317541b216a5c408fb54085""                  "
"1"," ""631ffc3584141f143567f021""                  "
"1","
"
"1"," [61]"
"1"," ""5f4941b3030fef46cc14ec2b""                  "
"1"," ""589f84ba27c3bb00014e6ab4""                  "
"1","
"
"1"," [63]"
"1"," ""632c0075227e9b734c80424d""                  "
"1"," ""62853fe01fa0d21c4daacfcb""                  "
"1","
"
"1"," [65]"
"1"," ""60fd706bb974c035ddbfc0e7""                  "
"1"," ""6150fb8383f88eae3e5c795a""                  "
"1","
"
"1"," [67]"
"1"," ""61fa947a5719bc09cb834f5b""                  "
"1"," ""612be52c615057eb7b5f243c""                  "
"1","
"
"1"," [69]"
"1"," ""6312f1a8321f5ec52a6a8a19""                  "
"1"," ""5c103559919ffb0001833864""                  "
"1","
"
"1"," [71]"
"1"," ""5fe1bda08bcb1fc65fe89d91""                  "
"1"," ""6361549b0d09a7c730e48290""                  "
"1","
"
"1"," [73]"
"1"," ""62e96548fa0108ff0872399b""                  "
"1"," ""5ee40b570bc82d0f72dc6556""                  "
"1","
"
"1"," [75]"
"1"," ""631af95dee3b463a87406cd8""                  "
"1"," ""62769797db0ff6f93df21cda""                  "
"1","
"
"1"," [77]"
"1"," ""5c88c205f76b260001681733""                  "
"1"," ""631a5e886ab21d522f83e58e""                  "
"1","
"
"1"," [79]"
"1"," ""616b8139551b94321313af3e""                  "
"1"," ""5e60460125834138aae85307""                  "
"1","
"
"1"," [81]"
"1"," ""5d7c4978e34654001a80f1ba""                  "
"1"," ""63156db7717be8c0c873866e""                  "
"1","
"
"1"," [83]"
"1"," ""62bdc13b2c6f73e8769b419a""                  "
"1"," ""5a04869ff2e3460001edad2e""                  "
"1","
"
"1"," [85]"
"1"," ""608470c74942e7ffbe527dfc""                  "
"1"," ""5eb310b0a71e350db017dd05""                  "
"1","
"
"1"," [87]"
"1"," ""5f52d796ff7e035e3f101e39""                  "
"1"," ""6027cd5a33fc135e0eab4061""                  "
"1","
"
"1"," [89]"
"1"," ""606ca69aaab08c005f42092c""                  "
"1"," ""5f1b2816e83bcd2d4563a28b""                  "
"1","
"
"1"," [91]"
"1"," ""62f708e4d875cdc4a05333c5""                  "
"1"," ""612bc011200c4fccee2d7b5b""                  "
"1","
"
"1"," [93]"
"1"," ""60fdb2863dc080a0d285fc21""                  "
"1"," ""636160b0c7170f08c87cbff0""                  "
"1","
"
"1"," [95]"
"1"," ""630e9f15b8db9a4e94cb9f3f""                  "
"1"," ""60fd9fbfb845fbe920c78885""                  "
"1","
"
"1"," [97]"
"1"," ""62fe34c166ae3fc3ec3db936""                  "
"1"," ""5d46619eb30ae50001578288""                  "
"1","
"
"1"," [99]"
"1"," """"                                          "
"1"," ""636bd30e14a5a0787697f56b""                  "
"1","
"
"1","[101]"
"1"," ""608b545dac4ff506d7f01f04""                  "
"1"," ""63101cafd1872c9ac5d04944""                  "
"1","
"
"1","[103]"
"1"," ""5e0a2f6377f8652c6fc3f887""                  "
"1"," ""612fd3208d3decaf3ec80bcc""                  "
"1","
"
"1","[105]"
"1"," ""6108e0f394ea82edc8b1884a""                  "
"1"," ""5be769f53b047e0001a39b01""                  "
"1","
"
"1","[107]"
"1"," ""6143af8721d1445864c4f6c8""                  "
"1"," ""62cf8b6eac8db5ea98343fbe""                  "
"1","
"
"1","[109]"
"1"," ""60ed8b58291a506de5a1bf6f""                  "
"1"," ""631b822619211df6b4180d50""                  "
"1","
"
"1","[111]"
"1"," ""636149c88d2d393decf957f7""                  "
"1"," ""6313f4ebb6eb359b0650a088""                  "
"1","
"
"1","[113]"
"1"," ""5e23b46fde3c906690fbd4f8""                  "
"1"," ""5faeb8eb6562cd0163f216ec""                  "
"1","
"
"1","[115]"
"1"," ""5d8d8f8a7df28500133337d1""                  "
"1"," ""589de7bbbb9e0f0001ac9768""                  "
"1","
"
"1","[117]"
"1"," ""6279d6e5d4f91de53dbf67a3""                  "
"1"," ""6266d7c7bfe6d9d74ff4e76f""                  "
"1","
"
"1","[119]"
"1"," ""6365b9324ce52c4f38eed7a0""                  "
"1"," ""630345dd92f26599c777a5fc""                  "
"1","
"
"1","[121]"
"1"," ""60709c0cc17168fdce1c7774""                  "
"1"," ""603862f99e00971c55fe0874""                  "
"1","
"
"1","[123]"
"1"," ""628e8ff65ff8999d5907e520@email.prolific.co"""
"1"," ""62e1e3f92efe886934aebdc4""                  "
"1","
"
"1","[125]"
"1"," ""631002c1710095681a201cdf""                  "
"1"," ""61672728d4ad3f70cc6a0199""                  "
"1","
"
"1","[127]"
"1"," ""614f9f5543d1293c2b2a2c52""                  "
"1"," ""63667ba152dc3078210dc552""                  "
"1","
"
"1","[129]"
"1"," ""6364352eb4261be4d1ab49f7""                  "
"1"," ""5f79bca83a2eb65c0983816d""                  "
"1","
"
"1","[131]"
"1"," ""6266add746005ee1ac2e801b""                  "
"1"," ""6343319a992461d9273f488a""                  "
"1","
"
"1","[133]"
"1"," ""636690c35055028511f463fa""                  "
"1"," ""57ac740478a38d00017cce22""                  "
"1","
"
"1","[135]"
"1"," ""62ce35b697d7d717edaeee58""                  "
"1"," ""6356ee35a32f19e14c149cb2""                  "
"1","
"
"1","[137]"
"1"," ""jj""                                        "
"1"," ""601387b4aa37e127b0544497""                  "
"1","
"
"1","[139]"
"1"," ""5ef6c997bddec33cfaed40c7""                  "
"1"," ""5f9e612e5e10814115cc780d""                  "
"1","
"
"1","[141]"
"1"," ""6306f070d4f94e56cb544400""                  "
"1"," ""558943fafdf99b5ccd435cb3""                  "
"1","
"
"1","[143]"
"1"," ""62e7a938dcfa4bc87aca18f4""                  "
"1"," ""559b1e92fdf99b426abb6227""                  "
"1","
"
"1","[145]"
"1"," ""580c7b88357e890001dd139b""                  "
"1"," ""632cafe32ff306f698e26991""                  "
"1","
"
"1","[147]"
"1"," ""6290fcf17c10b137ca68d81d""                  "
"1"," """"                                          "
"1","
"
"1","[149]"
"1"," ""6346a6d8da090a1afa055a92""                  "
"1"," ""5fbead0dc32181085395e4b3""                  "
"1","
"
"1","[151]"
"1"," ""61095beca1f18a14707aee38""                  "
"1"," """"                                          "
"1","
"
"1","[153]"
"1"," ""5d7f79e7e41ee70018d9164a""                  "
"1"," ""5d3c88c00e510a00013df5f1""                  "
"1","
"
"1","[155]"
"1"," ""5cd8d86210887400182db201""                  "
"1"," ""600dab8134acba5b50136b19""                  "
"1","
"
"1","[157]"
"1"," ""5fcaa3f3d991a9748f8b9e1c""                  "
"1"," ""62865cb9d41a9e2aaf141c84""                  "
"1","
"
"1","[159]"
"1"," ""5cbe7fdb82218d00172aa4f3""                  "
"1"," ""60d5ff02fef54b0399953c12""                  "
"1","
"
"1","[161]"
"1"," ""614faec89136e6e4aebe7dfc""                  "
"1"," ""5fd02fea84bdb809404020a2""                  "
"1","
"
"1","[163]"
"1"," ""6312f1a8321f5ec52a6a8a19""                  "
"1"," ""5dd37881523df036fecff14d""                  "
"1","
"
"1","[165]"
"1"," ""602f8f486ef6bdc8803f83e2""                  "
"1"," ""62769797db0ff6f93df21cda""                  "
"1","
"
"1","[167]"
"1"," ""5bcd36c73a99c4000153b53b""                  "
"1"," ""6324f8ef8e2efea43c5d06e6""                  "
"1","
"
"1","[169]"
"1"," ""5eea537ffd89d01283ffac22""                  "
"1"," ""611c23757abaf647e15742ef""                  "
"1","
"
"1","[171]"
"1"," ""617372f2d708eb69eccac9bf""                  "
"1"," ""610b6fddbfad670dcb443bd1""                  "
"1","
"
"1","[173]"
"1"," ""60fdd6065200f6120a01fba5""                  "
"1"," ""60255cc2f0319509011ac0a8""                  "
"1","
"
"1","[175]"
"1"," ""63616c1f79c995ecf0c8d8d2""                  "
"1"," ""5ee37cae69bfc40009a26ac0""                  "
"1","
"
"1","[177]"
"1"," ""5af09ff00eca060001b1379c""                  "
"1"," ""60fcf1aa4c76b655673eedf8""                  "
"1","
"
"1","[179]"
"1"," ""5e2539fedc1a177a63796efc""                  "
"1"," ""62e029813affb61d4f49ed85""                  "
"1","
"
"1","[181]"
"1"," ""5ead868fe65d1f41dac2ebd4""                  "
"1"," ""60b6c87613dc76ae924ce0d0""                  "
"1","
"
"1","[183]"
"1"," ""5ad1dee393f87d00016ce40f""                  "
"1"," ""6010bba4cef0db4298d8cd48""                  "
"1","
"
"1","[185]"
"1"," ""5f4158913bd5ca2e871d63f4""                  "
"1"," ""6362aca86b740b1ec4cb6efb""                  "
"1","
"
"1","[187]"
"1"," ""61140514150f4cdab3ba1f21""                  "
"1"," ""61538c2962a04fad092a8b37""                  "
"1","
"
"1","[189]"
"1"," ""5f9c9e203d44de174d8f4f6c""                  "
"1"," ""631752de5476b145e0f6075c""                  "
"1","
"
"1","[191]"
"1"," ""6271603184240eab80a5722b""                  "
"1"," ""631b7e747ad94015bc372ca4""                  "
"1","
"
"1","[193]"
"1"," ""5ef3966a0934120fc4c28c4b""                  "
"1"," ""5c2ff645644d5300010c25f3""                  "
"1","
"
"1","[195]"
"1"," ""60a7c3e1e70934af63664a46""                  "
"1"," ""5d38c604b3126d0001fbed6e""                  "
"1","
"
"1","[197]"
"1"," ""591e09ccf233a70001df6e8c""                  "
"1"," ""614af89a94339a92bf646754""                  "
"1","
"
"1","[199]"
"1"," ""614fd205da476bd7f354cc95""                  "
"1"," ""5bdba05d19b9ba000157a348""                  "
"1","
"
"1","[201]"
"1"," ""5f08f09335766e176ef35d43""                  "
"1"," ""5d42abf3c9acd700010c41df""                  "
"1","
"
"1","[203]"
"1"," ""5e3cc28a194a520c0c128f13""                  "
"1"," ""5dea961cf4c5e11bd9c4058c""                  "
"1","
"
"1","[205]"
"1"," ""6329bc8f80d4501faf9bbdc6""                  "
"1"," ""62e02537aeee3cf7f450869e""                  "
"1","
"
"1","[207]"
"1"," ""62cca0e41baf4e7ea8c7c61f""                  "
"1"," ""631b01bd0283ae15b2d25cd0""                  "
"1","
"
"1","[209]"
"1"," ""5a6e5b8a0384310001948ab4""                  "
"1"," ""63114fcf2fc8f4d507560901""                  "
"1","
"
"1","[211]"
"1"," ""6362ab21cc450adf951bd6a7""                  "
"1"," ""611ac4b4f5d6b42715dba99e""                  "
"1","
"
"1","[213]"
"1"," ""5a2dc611390d120001c70ac2""                  "
"1"," ""5c07361c96378a0001196024""                  "
"1","
"
"1","[215]"
"1"," ""624472c412a175b605915572""                  "
"1"," ""630283a435b8cb240b6db679""                  "
"1","
"
"1","[217]"
"1"," ""5a0b8d4c7ecfc50001be130d""                  "
"1"," ""5ee2d96eac3291203650f16e""                  "
"1","
"
"1","[219]"
"1"," ""5f6cefecb8137d13565d8c33""                  "
"1"," ""6154f629ea84ccf09ac10f39""                  "
"1","
"
"1","[221]"
"1"," ""610d6fe6f9fcfeba763fc61d""                  "
"1"," ""C1ZI0QZX""                                  "
"1","
"
"1","[223]"
"1"," ""6095c58f673ef9aa5dafd4e2""                  "
"1"," ""5e680c9f65bd0b0be56430a4""                  "
"1","
"
"1","[225]"
"1"," ""5bef317a2d982b0001059f44""                  "
"1"," ""60bebaad355aa083fd9b8c60""                  "
"1","
"
"1","[227]"
"1"," ""6319a895e5c1391750cca937""                  "
"1"," ""5de9c0841255590f666b724e""                  "
"1","
"
"1","[229]"
"1"," ""62ac7c3ffaf95e2270e5af01""                  "
"1"," ""5ef04d739b93be04d17b451c""                  "
"1","
"
"1","[231]"
"1"," ""6290f368eb43bba3bedc87a5""                  "
"1"," ""610959c4bde8b758f8b860fc""                  "
"1","
"
"1","[233]"
"1"," ""5bf28a086d4c3e00014410f7""                  "
"1"," ""60cac6e750602e711ed5efc6""                  "
"1","
"
"1","[235]"
"1"," ""5f3898caed1478189b8462a0""                  "
"1"," ""6108abf7896db04590fa6d8e""                  "
"1","
"
"1","[237]"
"1"," ""581d50e882c5aa000132ce4f""                  "
"1"," ""62ddd6123a54e3f55e66576d""                  "
"1","
"
"1","[239]"
"1"," ""62c788d0cd6dc75c2c3a8fc7""                  "
"1"," ""6297eab7d422605ef4cb421e""                  "
"1","
"
"1","[241]"
"1"," ""6112925437a4309649bb14db""                  "
"1"," ""6361756f56d362fe1519fd18""                  "
"1","
"
"1","[243]"
"1"," ""5f7b606667266b0f97046eb7""                  "
"1"," ""5f69602cf5d6dd1506d536b4""                  "
"1","
"
"1","[245]"
"1"," ""61121f543e34a76cd604148c""                  "
"1"," ""608f2bae0ee0a74455533e4c""                  "
"1","
"
"1","[247]"
"1"," ""5bdf49f0af2dc600013e318c""                  "
"1"," ""610acd05a1f63b626b20ee3a""                  "
"1","
"
"1","[249]"
"1"," ""615a1f42a3ce6e86bed8515""                   "
"1"," ""6110abe160a80a8e7d5e3a06""                  "
"1","
"
"1","[251]"
"1"," ""59a3d5439b845f0001ec1f25""                  "
"1"," ""63813303bf22d37fba910c95""                  "
"1","
"
"1","[253]"
"1"," ""601606098a88c4772f7db43c""                  "
"1"," ""632ae06f0cdff574a326da20""                  "
"1","
"
"1","[255]"
"1"," ""5e9f8d2463508412377fe12e""                  "
"1"," ""60fd3cd100cfd3da1b3b9e11""                  "
"1","
"
"1","[257]"
"1"," ""6282a9b9015ed5c3dbf566b3""                  "
"1"," ""62d6e24cf74647ef51a16300""                  "
"1","
"
"1","[259]"
"1"," ""6111d437d89c3f011ba8ce63""                  "
"1"," ""60ce15b1956bb0e5e00098ea""                  "
"1","
"
"1","[261]"
"1"," ""5a6cfad8ab58b500015f56ef""                  "
"1"," ""5e29ed78eb557a05536b8442""                  "
"1","
"
"1","[263]"
"1"," ""5fc6d0e5563ad810513c9c7a""                  "
"1"," ""5fc6d0e5563ad810513c9c7a""                  "
"1","
"
"1","[265]"
"1"," ""6387984be099d077b7cd8508""                  "
"1"," ""630e0e5d10c418991ce50062""                  "
"1","
"
"1","[267]"
"1"," ""5b5b455d8fb47700015830b7""                  "
"1"," ""6102280c59d8caf66f1df675""                  "
"1","
"
"1","[269]"
"1"," ""55899789fdf99b7ae5007a5b""                  "
"1"," ""5b745d7bea73590001e99b25""                  "
"1","
"
"1","[271]"
"1"," ""5e8ea833d4e24915d6880320""                  "
"1"," ""5fcdbe153ce79b287e15344e""                  "
"1","
"
"1","[273]"
"1"," ""60c417aec3690a7973af2570""                  "
"1"," ""61083712377e2db34e2b3cd2""                  "
"1","
"
"1","[275]"
"1"," ""638672145756739609b9eada""                  "
"1"," ""60f2570c0e231df8115f4752""                  "
"1","
"
"1","[277]"
"1"," ""5ec4518490fffd14b4d9b2c8""                  "
"1"," ""62dc684ed7cae74b8b1fae8d""                  "
"1","
"
"1","[279]"
"1"," ""60fd8cf1b99f6ccb0e5fc85a""                  "
"1"," ""5ff34b3430cadf0e068cad6e""                  "
"1","
"
"1","[281]"
"1"," ""6111308dc631d4011ef43a73""                  "
"1"," ""622a04c3557ea04c82c8f62f""                  "
"1","
"
"1","[283]"
"1"," ""637e8687925784a886075bf4""                  "
"1"," ""5f7058deeb83ab60bb836eae""                  "
"1","
"
"1","[285]"
"1"," ""5f064d893d76681a2cabc49e""                  "
"1"," ""633379e346d2716eae353597""                  "
"1","
"
"1","[287]"
"1"," ""5e11e7aba7fba686b2cb3341""                  "
"1"," ""63614a372fef8174fe8363f1""                  "
"1","
"
"1","[289]"
"1"," ""5f7dd6ed4303f7000814dd3b""                  "
"1"," ""631947d832abc57a51118257""                  "
"1","
"
"1","[291]"
"1"," ""6007776684975127676717c4""                  "
"1"," ""588da085a2a9930001721bc8""                  "
"1","
"
"1","[293]"
"1"," ""5f4c4dd50a92c286c1972f06""                  "
"1"," ""5c2414b8101408000140617a""                  "
"1","
"
"1","[295]"
"1"," ""630051de1dfc7f3ba6bb40cc""                  "
"1"," ""5f7b8d1186b828165dae8e5f""                  "
"1","
"
"1","[297]"
"1"," ""62fdcda607c1d770ba1c6da8""                  "
"1"," ""5de81d685a8f94795b893d45""                  "
"1","
"
"1","[299]"
"1"," ""633872ba6dfc63a1faf7112d""                  "
"1"," ""6333c1f5756acfabfde457ed""                  "
"1","
"
"1","[301]"
"1"," ""5dd371cada167d3773d4ee9e""                  "
"1"," ""5678620289319e0011651232""                  "
"1","
"
"1","[303]"
"1"," ""59ba2a6e6495ef00019fbd70""                  "
"1"," ""6100a65828da5be11d11c404""                  "
"1","
"
"1","[305]"
"1"," ""60fd0c7f3feef315172385cf""                  "
"1"," ""5ef8c7d9b630670523229373""                  "
"1","
"
"1","[307]"
"1"," ""58a53ea734fcb30001053e08""                  "
"1"," ""58a9bada6a8d3b00017eccc2""                  "
"1","
"
"1","[309]"
"1"," ""5fb9a27e3bdaed8b802b787b""                  "
"1"," ""5e38d8e9dc4a340fe4a9dd4e""                  "
"1","
"
"1","[311]"
"1"," ""559d9916fdf99b1e2b2dc6b8""                  "
"1"," ""5783abeebaec1b00016943d9""                  "
"1","
"
"1","[313]"
"1"," ""63614b359d18691d2dc8d8c6""                  "
"1"," ""6369174d2ded623f59d94e9d""                  "
"1","
"
"1","[315]"
"1"," ""6150b0f1ea43af10285ea4b9""                  "
"1"," ""5f4a761d2a3d075f5bf652cc""                  "
"1","
"
"1","[317]"
"1"," ""57a7abb9ad1a6c0001468d45""                  "
"1"," ""592f09f14217c40001a76e8e""                  "
"1","
"
"1","[319]"
"1"," ""628be3bb8e35fb76476d0fa4""                  "
"1"," ""6317ff092d6b47344b7d1ec5""                  "
"1","
"
"1","[321]"
"1"," ""5cfe79d535026c001a0d829c""                  "
"1"," ""5a78f57a2a842c0001fc43db""                  "
"1","
"
"1","[323]"
"1"," ""572b6ced3ab9df0008b9ad52""                  "
"1"," ""5dda9b9a9d9e30a06d320ffb""                  "
"1","
"
"1","[325]"
"1"," ""602348484d326a1c5aa80bb7""                  "
"1"," ""632376ed7030185ea2acda18""                  "
"1","
"
"1","[327]"
"1"," ""5a6ab0fbab58b500015f29db""                  "
"1"," ""60ff4fc94dbc53a93c790a0b""                  "
"1","
"
"1","[329]"
"1"," ""5993b6ef7be18f00018290b5""                  "
"1"," ""5f989fa02b5a611b2df1a305""                  "
"1","
"
"1","[331]"
"1"," ""55fb0c5377f33b0005cb1f12""                  "
"1"," ""6111535477f8632ee162925b""                  "
"1","
"
"1","[333]"
"1"," ""5fd9ad6dab00c64c8a45c9fc""                  "
"1"," ""62dee5f2ad4598079383a5aa""                  "
"1","
"
"1","[335]"
"1"," ""59a86c7c766ed90001068222""                  "
"1"," ""60d22b95ea12a89273fde27d""                  "
"1","
"
"1","[337]"
"1"," ""5ed40ddff615650a50f1cbb2""                  "
"1"," ""6305235d094b81500c5e3371""                  "
"1","
"
"1","[339]"
"1"," ""628bbe2c0f8080e6985e8592""                  "
"1"," ""5b0482fc325b6c0001bbb7f0""                  "
"1","
"
"1","[341]"
"1"," ""6279c1daff96f85ae66373e0""                  "
"1"," ""5ea8154dcfd4dd20473ed88e""                  "
"1","
"
"1","[343]"
"1"," ""637e4fc1594d2ded19f7e071""                  "
"1"," ""5a35ecbf57d4450001236fd3""                  "
"1","
"
"1","[345]"
"1"," ""62ba3c827ac84619443dc63d""                  "
"1"," ""5dd3bfcd8b8df139ce007928""                  "
"1","
"
"1","[347]"
"1"," ""5ffb6a7ad424e65d160a44ea""                  "
"1"," ""616c4f1eacaf6dcc36160230""                  "
"1","
"
"1","[349]"
"1"," ""62951620b89e0ab0b347cfa1""                  "
"1"," ""615a1d9297d4e05d6df9da22""                  "
"1","
"
"1","[351]"
"1"," ""5e772247e977a228b7f62f86""                  "
"1"," ""570d891d42a1db000fc65b4d""                  "
"1","
"
"1","[353]"
"1"," ""5928b05e590f0b000126edb8""                  "
"1"," ""63336348c3ae085755192b6a""                  "
"1","
"
"1","[355]"
"1"," ""5dd3bdc79dac7c3a80032939""                  "
"1"," ""59b0106d834a170001d6061c""                  "
"1","
"
"1","[357]"
"1"," ""5d55a1f2fab56e000140df8f""                  "
"1"," ""5ce4eea02210eb0017870791""                  "
"1","
"
"1","[359]"
"1"," ""601991eca575400d9ad37546""                  "
"1"," ""5df1822669a11709f1421d2e""                  "
"1","
"
"1","[361]"
"1"," ""60de6eaecf5d59c0e0670050""                  "
"1"," ""5bcfcdbd77740000016b425a""                  "
"1","
"
"1","[363]"
"1"," ""60fce0e83002bd32a1a4cfa3""                  "
"1"," ""61116fb00f7f0fbacf0714f9""                  "
"1","
"
"1","[365]"
"1"," ""5a18805f087f2e0001eaf737""                  "
"1"," ""601c170bd8db9368fc2d996b""                  "
"1","
"
"1","[367]"
"1"," ""62865c743c2f320d48ab2912""                  "
"1"," ""5a08c9a7f2e3460001edb063""                  "
"1","
"
"1","[369]"
"1"," ""6361c30e6cce2905491c97de""                  "
"1"," ""603ae163f21b736f470992bd""                  "
"1","
"
"1","[371]"
"1"," ""637e447c16e05f6828930612""                  "
"1"," ""6277f959ae36650e8c621776""                  "
"1","
"
"1","[373]"
"1"," ""62bddb63d7c84ff6e9c592f5""                  "
"1"," ""5c3685298bff0f0001aeeb78""                  "
"1","
"
"1","[375]"
"1"," ""60a1e1f4a3707c983a98f185""                  "
"1"," ""5d17ce93ac37cd0019535088""                  "
"1","
"
"1","[377]"
"1"," ""631e8e47fd494b9c8ccc6f2f""                  "
"1"," ""62b5beb2634df44537eb05c3""                  "
"1","
"
"1","[379]"
"1"," ""578b5756160201000103fe40""                  "
"1"," ""62444b95055492f573b21d42""                  "
"1","
"
"1","[381]"
"1"," ""6294ea877522945ad8df1578""                  "
"1"," ""5f5328104f8d2d6363b0e4ee""                  "
"1","
"
"1","[383]"
"1"," ""62fee4976ce0883ebbc86e20""                  "
"1"," ""62827896d034545333f4610c""                  "
"1","
"
"1","[385]"
"1"," ""5e9a85295bb4c912892ff75f""                  "
"1"," ""6316b3bb5428889a3089cf98""                  "
"1","
"
"1","[387]"
"1"," ""62da0d692b89efcaba51846d""                  "
"1"," ""629753864174e42d30576cf8""                  "
"1","
"
"1","[389]"
"1"," ""63386e75b02c4d7013c1198b""                  "
"1"," ""5a01a0fd728b1b0001ad89f8""                  "
"1","
"
"1","[391]"
"1"," ""5dd56a2ed6907251e83c7d70""                  "
"1"," ""5c376ea0eecc440001c58889""                  "
"1","
"
"1","[393]"
"1"," ""5be10ec03e09dc00010e8ccc""                  "
"1"," ""5d5defa4573c80001704d465""                  "
"1","
"
"1","[395]"
"1"," ""5f32aab12a9f82000854c3ea""                  "
"1"," ""5a6f71ad82968f0001a69d1c""                  "
"1","
"
"1","[397]"
"1"," ""5815369b94ecc900010b014e""                  "
"1"," ""601581439865f1060313be50""                  "
"1","
"
"1","[399]"
"1"," ""60fcd0f990314dce9c243fef""                  "
"1"," ""6112ab18c06a258786230595""                  "
"1","
"
"1","[401]"
"1"," ""62fc43ecd624bf1108703968""                  "
"1"," ""5bc3949e35ed640001e277ba""                  "
"1","
"
"1","[403]"
"1"," ""63614ed8c5a922d6451c671c""                  "
"1"," ""5b5c3b266b25590001778ea1""                  "
"1","
"
"1","[405]"
"1"," ""5e373f33a42bce6daa55ea65""                  "
"1"," ""5c054e8a553fb800011917d7""                  "
"1","
"
"1","[407]"
"1"," ""5f5e401d77501a6b82743d56""                  "
"1"," ""58c38ef58158840001b5c230""                  "
"1","
"
"1","[409]"
"1"," ""62838cdc775f6094ddf0664b""                  "
"1"," ""5b9bca2b948c2c0001fb01e0""                  "
"1","
"
"1","[411]"
"1"," ""610817e75d1ed4e2f023f912""                  "
"1"," ""5fc50bb38378c80ac88354ef""                  "
"1","
"
"1","[413]"
"1"," ""6016c24ec5b6eb86fb473dc4""                  "
"1"," ""62fba94eb9fa739bef4eae5f""                  "
"1","
"
"1","[415]"
"1"," ""62d45732f94a20bd3dd3534e@email.prolific.co"""
"1"," ""605d0d00436a36ad0d8d6fa5""                  "
"1","
"
"1","[417]"
"1"," ""6268a3f5379f921275a284f1""                  "
"1"," ""628fa75dcf7f7273127b4614""                  "
"1","
"
"1","[419]"
"1"," ""614f23fabc0fcaa3cdfb9e05""                  "
"1"," ""6101ed07f939f9662014e6a1""                  "
"1","
"
"1","[421]"
"1"," ""6384c52de6950f866e158fbe""                  "
"1"," ""60c7c096903b9b083aa00c4f""                  "
"1","
"
"1","[423]"
"1"," ""632ab708d83cdfcafa433244""                  "
"1"," ""6328817c90a7f703ded34c91""                  "
"1","
"
"1","[425]"
"1"," ""6287a504c4cb277cf781b6bb""                  "
"1"," ""55a75835fdf99b26395fae40""                  "
"1","
"
"1","[427]"
"1"," ""633f46f05bc4c6198322424a""                  "
"1"," ""5f524e7407f3574c7f05fa45""                  "
"1","
"
"1","[429]"
"1"," ""62e5ed723490aa324bc05d84""                  "
"1"," ""6272aedf6abac2a395291522""                  "
"1","
"
"1","[431]"
"1"," ""61507c30291069d83501fdad""                  "
"1"," ""6111d3aa2e12fb09c474a445""                  "
"1","
"
"1","[433]"
"1"," ""61213f0d3b4fb00946c94410""                  "
"1"," ""631b94723014b047b0f8e70a""                  "
"1","
"
"1","[435]"
"1"," ""615e01e53a44a0c3c04378c0""                  "
"1"," ""5e28e8819061a50beacc52c5""                  "
"1","
"
"1","[437]"
"1"," ""5f17821d53d8590009cfc951""                  "
"1"," ""633c7ca040cfef0504138a57""                  "
"1","
"
"1","[439]"
"1"," ""5e059d2bb1fb05fd1f841142""                  "
"1"," ""62730c9848db9da9ff3bf670""                  "
"1","
"
"1","[441]"
"1"," ""56bd7bf3d4e2180005a86846""                  "
"1"," ""5cfafa8c2bcca70017252f6b""                  "
"1","
"
"1","[443]"
"1"," ""5dcefcd0307b8d05031d7264""                  "
"1"," ""5e74f18520ab35040b41d526""                  "
"1","
"
"1","[445]"
"1"," ""5ee6b328e96056095324e6f5""                  "
"1"," ""633e64bfaab0e4bed6e5307d""                  "
"1","
"
"1","[447]"
"1"," ""62e026ce2fa7b374d64081b5""                  "
"1"," ""61089a35dbc0aaf020ab264d""                  "
"1","
"
"1","[449]"
"1"," ""62b36e13ea035314c9270646""                  "
"1"," ""61255c5cd3dc2cfd8fbc101d""                  "
"1","
"
"1","[451]"
"1"," ""633cbe0c6fa76f7cc4ca1099""                  "
"1"," ""5692e00c8d93fe000efa0459""                  "
"1","
"
"1","[453]"
"1"," ""558a327cfdf99b2d75651681""                  "
"1"," ""609bf492ae7a337617aa386d""                  "
"1","
"
"1","[455]"
"1"," ""606e3ddf19540080228e3a0c""                  "
"1"," ""5e937e8e4d246b6b4162ae72""                  "
"1","
"
"1","[457]"
"1"," ""62c345831d3aed7142af2c6f""                  "
"1"," ""614dd9c7fe3afb375e947a27""                  "
"1","
"
"1","[459]"
"1"," ""626f66da6044100d5c238a8c""                  "
"1"," ""5fb97228ff45687f38da7813""                  "
"1","
"
"1","[461]"
"1"," ""634f87d42fa897f3a8e3acad""                  "
"1"," ""633b24012e9e5ee99690831b""                  "
"1","
"
"1","[463]"
"1"," ""5e14d563c4e155ae93907ae1""                  "
"1"," ""62d9905bbaae7f1e0113c6e6""                  "
"1","
"
"1","[465]"
"1"," ""5f47f19248a89010ebae8705""                  "
"1"," ""6051536b3e81428095504b35""                  "
"1","
"
"1","[467]"
"1"," ""610f326ceebada4236a67080""                  "
"1"," ""63615bfcd7a362fe3bb0842e""                  "
"1","
"
"1","[469]"
"1"," ""62b07fada18474adc21fa4b1""                  "
"1"," ""5f1201f1c1ac1410a8f39a21""                  "
"1","
"
"1","[471]"
"1"," ""5d58d7d6280de7001aa7952a""                  "
"1"," ""62dc177e02f82aabb20aebc2""                  "
"1","
"
"1","[473]"
"1"," ""6361482ed4c29c255c584b0f""                  "
"1"," ""6365b83b80397324720dc562""                  "
"1","
"
"1","[475]"
"1"," ""6361482ed4c29c255c584b0f""                  "
"1"," ""5baa535fa3c9170001156197""                  "
"1","
"
"1","[477]"
"1"," ""62aa4399fa1aadf5ab91fff8""                  "
"1"," ""6346ec54d92718e50403c433""                  "
"1","
"
"1","[479]"
"1"," ""5d654282986878001c2a5db7""                  "
"1"," ""5bc913d99427200001dd47f5""                  "
"1","
"
"1","[481]"
"1"," ""5e976f67be609822f1146463""                  "
"1"," ""5dfe8e7bdc8535b21b18ea2f""                  "
"1","
"
"1","[483]"
"1"," ""5d4b1c73cfe6e90017ad8990""                  "
"1"," ""5b6f49b7d60bdd0001ade437""                  "
"1","
"
"1","[485]"
"1"," ""5be87e33a14b540001aa2ea5""                  "
"1"," ""61210b5c3f465c51a7f4166a""                  "
"1","
"
"1","[487]"
"1"," ""63686d18c3ed2b47b0bc5d21""                  "
"1"," ""61fa94015719bc09cb834e2e""                  "
"1","
"
"1","[489]"
"1"," ""5ef00061e45c1f1988455df5""                  "
"1"," ""5aad9c53c4914b0001a39659""                  "
"1","
"
"1","[491]"
"1"," ""5c27e76978fad500019328cc""                  "
"1"," ""61086359aa7aece92b0733e3""                  "
"1","
"
"1","[493]"
"1"," ""5f496b791798ec4d6340620d""                  "
"1"," ""60fbed5d2532f7768e7b5a29""                  "
"1","
"
"1","[495]"
"1"," ""63461a2e4fbbd9b9d80197db""                  "
"1"," ""615009a911243c691332e533""                  "
"1","
"
"1","[497]"
"1"," ""60721a45b75cb8f4b00abd05""                  "
"1"," ""601750d7a0361e9a5e4fdc56""                  "
"1","
"
"1","[499]"
"1"," ""5dea5ba4446c901777bde897""                  "
"1"," ""63856845134e9c850a9e38f7""                  "
"1","
"
"1","[501]"
"1"," ""637e4f6a7d2ec33d650d63c0""                  "
"1"," ""5ea511caa6974a4e8de26ac1""                  "
"1","
"
"1","[503]"
"1"," ""632890876b6124c7a15d06f6""                  "
"1"," ""5484655ffdf99b07b28f22cc""                  "
"1","
"
"1","[505]"
"1"," ""60632b562ed6028c6bb905a6""                  "
"1"," ""601e1253bbecc3279e4fb472""                  "
"1","
"
"1","[507]"
"1"," ""6266a84a363636eab2c40c41""                  "
"1"," ""6073640883b8547a9b73569a""                  "
"1","
"
"1","[509]"
"1"," ""5bebd4111296920001d55c5a""                  "
"1"," ""63161c28f7f6c1d0f60b054f""                  "
"1","
"
"1","[511]"
"1"," ""5c8974ef34daa70015e92daf""                  "
"1"," ""62e0538d0e9c0e4d57e852d2""                  "
"1","
"
"1","[513]"
"1"," ""5ff5f6c52171e10f72d3610c""                  "
"1"," ""5d82d28977546f00166ae702""                  "
"1","
"
"1","[515]"
"1"," ""594a969df0ea1b0001558178""                  "
"1"," ""62852363a0fc88e63c6c1c16""                  "
"1","
"
"1","[517]"
"1"," ""614f4893a7f27d638ea5e58c""                  "
"1"," ""627a861608f88b4d143e3738""                  "
"1","
"
"1","[519]"
"1"," ""6323a90c380df6eb64255d6f""                  "
"1"," ""5ebc74759921f30c68adcc7a""                  "
"1","
"
"1","[521]"
"1"," ""5c7e843f9c3fc00016f4e5a1""                  "
"1"," ""637ce608b8f8f923bf784d84""                  "
"1","
"
"1","[523]"
"1"," ""5ef3832ddd7d5a0f19b24f20""                  "
"1"," ""628778b9bd0dbcd8fa2eeb3a""                  "
"1","
"
"1","[525]"
"1"," ""610d505ad461a3607f6ec804""                  "
"1"," ""5aa6e29435237b0001130d68""                  "
"1","
"
"1","[527]"
"1"," ""627920bf48e6cf4191a98f65""                  "
"1"," ""63460f79457f687948f53b88""                  "
"1","
"
"1","[529]"
"1"," ""5c88725629e4730012a00a4e""                  "
"1"," ""63460f79457f687948f53b88""                  "
"1","
"
"1","[531]"
"1"," ""58be2fc3bfc0f4000179f3c5""                  "
"1"," ""62c79dafb9222348d5e5a90c""                  "
"1","
"
"1","[533]"
"1"," ""6144834d136ed7f27d2dbe60""                  "
"1"," ""60feef287e50bd7f55933e65""                  "
"1","
"
"1","[535]"
"1"," ""5caec6b270da3100017f35de""                  "
"1"," ""62c2e1dcee1194bef7151c26""                  "
"1","
"
"1","[537]"
"1"," ""63614edb8ec467e6999ff831""                  "
"1"," ""5d76d2f7daf4bf00164d585b""                  "
"1","
"
"1","[539]"
"1"," ""62c8c2d71e87b86722f0215b""                  "
"1"," ""5b75e9ca218c0f00010801fd""                  "
"1","
"
"1","[541]"
"1"," ""62e33513e972718797c9aaeb""                  "
"1"," ""6102ced1a983f0479d576146""                  "
"1","
"
"1","[543]"
"1"," ""5513256cfdf99b1607b1f47b""                  "
"1"," ""62bd1d1283b326cde10cf27a""                  "
"1","
"
"1","[545]"
"1"," ""615dbec57d764bf5ab0a56e5""                  "
"1"," ""636163cbd59e832f1e77ddd9""                  "
"1","
"
"1","[547]"
"1"," ""6384d4bc8b67be0a6cb53086""                  "
"1"," ""6336ff9ce83133623e62b6f1""                  "
"1","
"
"1","[549]"
"1"," ""5d9532e77f3bc20015602008""                  "
"1"," ""5e7a6846f0f631000a4e2b9d""                  "
"1","
"
"1","[551]"
"1"," ""62029b72ef1cb18a1337c839""                  "
"1"," ""5e8fb6ba9b5ff02b5150ab10""                  "
"1","
"
"1","[553]"
"1"," ""63403b7f3fd164408c5ad4b0""                  "
"1"," ""62d1b156b6d61bf9a721174a""                  "
"1","
"
"1","[555]"
"1"," ""5ea45eb9abef8a07bcced2bc""                  "
"1"," ""5f6cd1061eba7b0de28b704d""                  "
"1","
"
"1","[557]"
"1"," ""62732b93260c9b7704b85540""                  "
"1"," ""5ff02540e44df43b05c7ef9e""                  "
"1","
"
"1","[559]"
"1"," ""5ed5b715e7c33a15f69dff3e""                  "
"1"," ""5c3f9952e0ea8200014686f1""                  "
"1","
"
"1","[561]"
"1"," ""62c37638a93211ca8441aadb""                  "
"1"," ""6101ca2b4ef4ff44381fe3cd""                  "
"1","
"
"1","[563]"
"1"," ""638a8d01f30315f8cfe73670""                  "
"1"," ""631cf52e293371776b9b0c28""                  "
"1","
"
"1","[565]"
"1"," ""610ac699ad8b370074179962""                  "
"1"," ""60c19574351b619a4cb95e6d""                  "
"1","
"
"1","[567]"
"1"," ""591ed2c61c6d600001aafddd""                  "
"1"," ""5a78e1f3aa46dd00016b310e""                  "
"1","
"
"1","[569]"
"1"," ""5cb56689b34d310018c83a8c""                  "
"1"," ""5febed303ce806d4d1b352db""                  "
"1","
"
"1","[571]"
"1"," ""59f0f82ce75b450001a699ad""                  "
"1"," ""616a4698baaf63a781ba09c6""                  "
"1","
"
"1","[573]"
"1"," ""638e307425f63a35dc05efac""                  "
"1"," ""610aaf651f5e36d3a76b199f""                  "
"1","
"
"1","[575]"
"1"," ""63851c4704abc2c8d096c2f4""                  "
"1"," ""6318eba13108db1c1b9303bc""                  "
"1","
"
"1","[577]"
"1"," ""61269b5e6112ad701857d46d""                  "
"1"," ""63614a4856d50185749ffb4e""                  "
"1","
"
"1","[579]"
"1"," ""627a949111093bf6cf062f93""                  "
"1"," ""62e0dcc18007e8ba41769dd8""                  "
"1","
"
